[
  {
    "id": 1,
    "title": "Classic Black T\u2011Shirt",
    "desc": "Soft cotton | Unisex | S-XL",
    "price": 1499,
    "category": "Fashion",
    "image": "assets/tshirt.jpg",
    "badge": "Bestseller",
    "added": "2025-08-01",
    "pop": 95
  },
  {
    "id": 2,
    "title": "Elegant Pendant Necklace",
    "desc": "Hypoallergenic | Gift-ready box",
    "price": 1999,
    "category": "Jewelry",
    "image": "assets/necklace.jpg",
    "badge": "New",
    "added": "2025-08-15",
    "pop": 80
  },
  {
    "id": 3,
    "title": "Wireless Earbuds V5",
    "desc": "Up to 24h playtime | Touch controls",
    "price": 2899,
    "category": "Gadgets",
    "image": "assets/earbuds.jpg",
    "badge": "Hot Deal",
    "added": "2025-07-20",
    "pop": 88
  },
  {
    "id": 4,
    "title": "Floral Printed Scarf",
    "desc": "Lightweight chiffon | 180\u00d770 cm",
    "price": 1299,
    "category": "Fashion",
    "image": "assets/scarf.jpg",
    "badge": "",
    "added": "2025-06-30",
    "pop": 60
  }
]